"id","created","timeCleared","offer_tiepe","canceled","cleared","updated","unitsAvailable","unitsCleared","priceCleared","priceOriginal","product","auction_id","group_id","phase_id","player_id"
4,2017-05-09 16:00:43.579924,2017-05-09 16:00:43.579438,0,false,true,false,0,10,60,60,600,1,22,1,292
1,2017-05-09 16:00:38.428716,2017-05-09 16:00:43.579451,1,false,true,false,0,10,60,60,-600,1,22,1,287
6,2017-05-09 16:00:57.361513,2017-05-09 16:00:57.361198,0,false,true,false,0,5,50,40,250,1,22,1,290
5,2017-05-09 16:00:55.675767,2017-05-09 16:00:57.361280,1,false,true,false,0,5,50,50,-250,1,22,1,291
49,2017-05-09 16:03:51.460914,2017-05-09 16:03:51.460649,0,false,true,false,0,3,30,3,90,1,22,2,287
7,2017-05-09 16:00:57.388740,2017-05-09 16:00:57.400268,1,false,true,true,0,10,50,50,500,1,22,1,291
8,2017-05-09 16:00:57.474146,2017-05-09 16:00:57.473813,0,false,true,false,0,1,40,1,40,1,22,1,286
3,2017-05-09 16:00:42.921875,2017-05-09 16:00:57.473893,1,false,true,false,0,1,40,40,-40,1,22,1,285
44,2017-05-09 16:03:37.122369,2017-05-09 16:03:51.460570,1,false,true,false,0,3,30,30,-90,1,22,2,288
9,2017-05-09 16:00:57.508421,2017-05-09 16:00:57.530263,1,false,true,true,0,9,40,40,360,1,22,1,285
2,2017-05-09 16:00:39.320002,,1,true,false,false,5,0,0,10,0,1,22,1,288
11,2017-05-09 16:01:07.347869,,1,true,false,false,10,0,0,40,0,1,22,1,288
15,2017-05-09 16:01:23.440365,2017-05-09 16:01:23.440021,1,false,true,false,0,5,50,60,-250,1,22,1,288
14,2017-05-09 16:01:18.515231,2017-05-09 16:01:23.439921,0,false,true,false,0,5,50,50,250,1,22,1,292
16,2017-05-09 16:01:23.467959,2017-05-09 16:01:23.522876,1,false,true,true,0,3,56,60,-168,1,22,1,288
13,2017-05-09 16:01:18.294209,2017-05-09 16:01:23.522762,0,false,true,false,0,3,56,56,168,1,22,1,290
50,2017-05-09 16:03:51.477545,,0,false,false,true,27,0,0,3,0,1,22,2,287
18,2017-05-09 16:01:23.840009,2017-05-09 16:01:23.839645,0,false,true,false,0,1,60,50,60,1,22,1,286
17,2017-05-09 16:01:23.537224,2017-05-09 16:01:23.839738,1,false,true,true,0,1,60,60,-60,1,22,1,288
20,2017-05-09 16:01:31.899518,2017-05-09 16:01:31.899009,0,false,true,false,0,1,60,6,60,1,22,1,289
19,2017-05-09 16:01:23.853940,2017-05-09 16:01:31.898930,1,false,true,true,0,1,60,60,-60,1,22,1,288
52,2017-05-09 16:04:23.095668,2017-05-09 16:04:23.095445,1,false,true,false,0,5,50,50,-250,1,22,3,291
21,2017-05-09 16:01:31.969779,2017-05-09 16:01:31.982298,0,false,true,true,0,2,45,6,90,1,22,1,289
12,2017-05-09 16:01:14.796940,2017-05-09 16:01:31.982217,1,false,true,false,0,2,45,45,-90,1,22,1,287
51,2017-05-09 16:04:22.216355,2017-05-09 16:04:23.095368,0,false,true,false,0,5,50,50,250,1,22,3,292
25,2017-05-09 16:01:45.377832,2017-05-09 16:01:45.377432,1,false,true,false,0,2,6,30,-12,1,22,1,291
22,2017-05-09 16:01:32.008800,2017-05-09 16:01:45.377515,0,false,true,true,0,2,6,6,12,1,22,1,289
27,2017-05-09 16:01:47.051075,2017-05-09 16:01:47.050845,1,false,true,false,0,5,6,6,-30,1,22,1,287
26,2017-05-09 16:01:45.446909,2017-05-09 16:01:47.050765,0,false,true,true,0,5,6,6,30,1,22,1,289
28,2017-05-09 16:01:47.073667,,1,false,false,true,2,0,0,6,0,1,22,1,287
33,2017-05-09 16:02:47.360579,2017-05-09 16:02:47.360248,0,false,true,false,0,12,30,5,360,1,22,2,289
32,2017-05-09 16:02:44.189017,2017-05-09 16:02:47.360262,1,false,true,false,0,12,30,30,-360,1,22,2,291
31,2017-05-09 16:02:40.882284,,0,true,false,false,1,0,0,60,0,1,22,2,286
34,2017-05-09 16:02:53.864057,,1,true,false,false,2,0,0,20,0,1,22,2,285
39,2017-05-09 16:03:19.468595,2017-05-09 16:03:19.468200,1,false,true,false,0,2,60,60,-120,1,22,2,285
29,2017-05-09 16:02:30.905957,2017-05-09 16:03:19.468341,0,false,true,false,0,2,60,60,120,1,22,2,287
73,2017-05-09 16:05:20.333571,,1,false,false,true,4,0,0,40,0,1,22,3,288
40,2017-05-09 16:03:19.491132,2017-05-09 16:03:19.501076,0,false,true,true,0,2,60,60,120,1,22,2,287
35,2017-05-09 16:02:53.940754,2017-05-09 16:03:19.500940,0,false,true,false,0,2,60,60,-120,1,22,2,292
30,2017-05-09 16:02:35.309536,,1,true,false,false,3,0,0,10,0,1,22,2,288
37,2017-05-09 16:02:59.609245,,0,true,false,false,1,0,0,60,0,1,22,2,286
42,2017-05-09 16:03:19.628217,,1,true,false,false,3,0,0,20,0,1,22,2,288
45,2017-05-09 16:03:37.851499,,1,false,false,false,10,0,0,2,0,1,22,2,289
41,2017-05-09 16:03:19.557475,,0,true,false,true,1,0,0,60,0,1,22,2,285
46,2017-05-09 16:03:41.581269,,0,false,false,false,2,0,0,90,0,1,22,2,285
43,2017-05-09 16:03:32.527348,,0,true,false,false,1,0,0,40,0,1,22,2,286
47,2017-05-09 16:03:47.017331,,0,false,false,false,1,0,0,51,0,1,22,2,286
48,2017-05-09 16:03:49.043892,,0,false,false,false,2,0,0,120,0,1,22,2,292
56,2017-05-09 16:04:29.762610,2017-05-09 16:04:29.762317,0,false,true,false,0,10,50,50,500,1,22,3,292
53,2017-05-09 16:04:23.113684,2017-05-09 16:04:29.762330,1,false,true,true,0,10,50,50,-500,1,22,3,291
59,2017-05-09 16:04:39.830749,,0,false,false,false,2,0,0,60,0,1,22,3,292
55,2017-05-09 16:04:27.562095,,1,true,false,false,10,0,0,40,0,1,22,3,285
60,2017-05-09 16:04:43.470387,2017-05-09 16:04:43.470090,1,false,true,false,0,10,50,50,-500,1,22,3,285
57,2017-05-09 16:04:32.499639,2017-05-09 16:04:43.470103,0,false,true,false,0,10,50,50,500,1,22,3,286
63,2017-05-09 16:04:50.798408,2017-05-09 16:04:50.798112,0,false,true,false,0,10,40,40,400,1,22,3,286
58,2017-05-09 16:04:36.355983,2017-05-09 16:04:50.798125,1,false,true,false,0,10,40,40,-400,1,22,3,288
86,2017-05-09 16:06:11.223365,2017-05-09 16:06:21.250493,0,false,true,false,0,3,80,80,240,1,22,4,292
65,2017-05-09 16:04:53.598235,2017-05-09 16:04:53.597902,0,false,true,false,0,5,50,50,250,1,22,3,289
64,2017-05-09 16:04:52.105344,2017-05-09 16:04:53.597982,1,false,true,false,0,5,50,50,-250,1,22,3,287
70,2017-05-09 16:05:10.579601,,0,true,false,false,10,0,0,60,0,1,22,3,286
67,2017-05-09 16:05:03.195436,2017-05-09 16:05:03.195177,0,false,true,false,0,5,50,50,250,1,22,3,286
66,2017-05-09 16:04:53.612190,2017-05-09 16:05:03.195087,1,false,true,true,0,5,50,50,-250,1,22,3,287
68,2017-05-09 16:05:03.221310,,0,true,false,true,5,0,0,50,0,1,22,3,286
71,2017-05-09 16:05:20.298012,2017-05-09 16:05:20.297741,0,false,true,false,0,3,40,40,120,1,22,3,289
62,2017-05-09 16:04:48.302753,2017-05-09 16:05:20.297660,1,false,true,false,0,3,40,40,-120,1,22,3,291
75,2017-05-09 16:05:27.584757,,1,false,false,false,6,0,0,20,0,1,22,3,290
72,2017-05-09 16:05:20.311447,2017-05-09 16:05:20.321738,0,false,true,true,0,1,40,40,40,1,22,3,289
69,2017-05-09 16:05:03.896816,2017-05-09 16:05:20.321817,1,false,true,false,0,1,40,40,-40,1,22,3,288
74,2017-05-09 16:05:23.827528,,0,true,false,false,10,0,0,50,0,1,22,3,286
76,2017-05-09 16:05:35.310043,,0,false,false,false,10,0,0,60,0,1,22,3,286
54,2017-05-09 16:04:25.213049,,1,true,false,false,10,0,0,20,0,1,22,3,287
77,2017-05-09 16:05:36.880901,,1,false,false,false,5,0,0,10,0,1,22,3,287
78,2017-05-09 16:05:38.673427,,0,false,false,false,3,0,0,60,0,1,22,3,291
80,2017-05-09 16:06:03.482330,2017-05-09 16:06:03.482004,0,false,true,false,0,6,60,60,360,1,22,4,292
79,2017-05-09 16:06:03.291866,2017-05-09 16:06:03.482082,1,false,true,false,0,6,60,60,-360,1,22,4,288
83,2017-05-09 16:06:09.253971,2017-05-09 16:06:09.253730,0,false,true,false,0,4,60,60,240,1,22,4,289
81,2017-05-09 16:06:03.497730,2017-05-09 16:06:09.253646,1,false,true,true,0,4,60,60,-240,1,22,4,288
87,2017-05-09 16:06:12.681307,2017-05-09 16:06:12.680726,0,false,true,false,0,10,50,25,500,1,22,4,290
85,2017-05-09 16:06:09.966320,2017-05-09 16:06:12.681033,1,false,true,false,0,10,50,50,-500,1,22,4,285
84,2017-05-09 16:06:09.281293,2017-05-09 16:06:13.088791,0,false,true,true,0,6,60,60,360,1,22,4,289
88,2017-05-09 16:06:12.711060,2017-05-09 16:06:12.721159,1,false,true,true,0,1,50,50,50,1,22,4,285
89,2017-05-09 16:06:13.089084,2017-05-09 16:06:13.088778,1,false,true,false,0,6,60,60,-360,1,22,4,287
90,2017-05-09 16:06:21.250997,2017-05-09 16:06:21.250604,1,false,true,false,0,3,80,80,-240,1,22,4,285
93,2017-05-09 16:06:22.894552,,0,false,false,false,1,0,0,170,0,1,22,4,292
94,2017-05-09 16:06:25.826313,2017-05-09 16:06:25.826064,0,false,true,false,0,8,80,70,640,1,22,4,290
91,2017-05-09 16:06:21.281408,2017-05-09 16:06:25.825986,1,false,true,true,0,8,80,80,-640,1,22,4,285
82,2017-05-09 16:06:04.952245,,1,true,false,false,2,0,0,40,0,1,22,4,291
97,2017-05-09 16:06:27.691376,2017-05-09 16:06:27.691118,0,false,true,false,0,2,60,40,120,1,22,4,286
96,2017-05-09 16:06:26.911239,2017-05-09 16:06:27.691031,1,false,true,false,0,2,60,60,-120,1,22,4,291
92,2017-05-09 16:06:22.340002,2017-05-09 16:06:27.717524,1,false,true,false,0,3,41,41,-123,1,22,4,287
98,2017-05-09 16:06:27.706559,2017-05-09 16:06:27.717447,0,false,true,true,0,3,41,40,123,1,22,4,286
100,2017-05-09 16:06:30.053947,2017-05-09 16:06:30.053684,1,false,true,false,0,3,70,70,-210,1,22,4,287
99,2017-05-09 16:06:27.731006,,1,true,false,true,2,0,0,41,0,1,22,4,287
95,2017-05-09 16:06:25.850262,2017-05-09 16:06:30.053697,0,false,true,true,0,3,70,70,210,1,22,4,290
148,2017-05-09 16:09:11.840885,2017-05-09 16:09:11.840614,0,false,true,false,0,5,50,50,250,1,22,5,290
102,2017-05-09 16:06:31.794697,2017-05-09 16:06:31.794449,0,false,true,false,0,3,70,40,210,1,22,4,289
101,2017-05-09 16:06:30.783125,2017-05-09 16:06:31.794315,1,false,true,false,0,3,70,70,-210,1,22,4,285
143,2017-05-09 16:08:57.747830,2017-05-09 16:09:11.840526,1,false,true,true,0,5,50,50,-250,1,22,5,285
105,2017-05-09 16:06:45.680724,,0,false,false,false,1,0,0,39,0,1,22,4,287
531,2017-05-09 16:46:59.245156,2017-05-09 16:46:59.244884,0,false,true,false,0,10,36,35,360,1,22,18,289
103,2017-05-09 16:06:31.831527,,0,true,false,true,2,0,0,40,0,1,22,4,289
108,2017-05-09 16:06:59.143437,,0,false,false,false,5,0,0,60,0,1,22,4,289
159,2017-05-09 16:10:04.508228,,0,true,false,false,6,0,0,70,0,1,22,6,290
150,2017-05-09 16:09:21.094592,2017-05-09 16:09:21.094085,1,false,true,false,0,3,50,50,-150,1,22,5,291
104,2017-05-09 16:06:42.038199,,0,true,false,false,2,0,0,70,0,1,22,4,286
110,2017-05-09 16:07:06.467454,,0,false,false,false,5,0,0,100,0,1,22,4,286
107,2017-05-09 16:06:47.314223,,0,true,false,false,14,0,0,100,0,1,22,4,285
111,2017-05-09 16:07:13.916380,,0,false,false,false,14,0,0,30,0,1,22,4,285
149,2017-05-09 16:09:11.866917,2017-05-09 16:09:21.094206,0,false,true,true,0,3,50,50,150,1,22,5,290
114,2017-05-09 16:07:48.171636,2017-05-09 16:07:48.171289,0,false,true,false,0,10,60,40,600,1,22,5,285
112,2017-05-09 16:07:44.408714,2017-05-09 16:07:48.171367,1,false,true,false,0,10,60,60,-600,1,22,5,291
151,2017-05-09 16:09:21.111554,,0,false,false,true,6,0,0,50,0,1,22,5,290
145,2017-05-09 16:09:03.313541,,0,true,false,false,6,0,0,60,0,1,22,5,286
116,2017-05-09 16:07:52.793803,2017-05-09 16:07:52.793575,0,false,true,false,0,5,60,50,300,1,22,5,289
115,2017-05-09 16:07:48.190688,2017-05-09 16:07:52.793496,1,false,true,true,0,5,60,60,-300,1,22,5,291
153,2017-05-09 16:09:22.639591,,0,false,false,false,10,0,0,55,0,1,22,5,289
154,2017-05-09 16:09:27.255474,,0,false,false,false,1,0,0,60,0,1,22,5,292
119,2017-05-09 16:07:57.765320,2017-05-09 16:07:57.764988,0,false,true,false,0,10,20,20,200,1,22,5,292
113,2017-05-09 16:07:44.811533,2017-05-09 16:07:57.765001,1,false,true,false,0,10,20,20,-200,1,22,5,287
155,2017-05-09 16:09:27.969184,,0,false,false,false,3,0,0,80,0,1,22,5,291
121,2017-05-09 16:07:59.799189,2017-05-09 16:07:59.798960,1,false,true,false,0,10,30,30,-300,1,22,5,285
120,2017-05-09 16:07:59.437693,2017-05-09 16:07:59.798880,0,false,true,false,0,10,30,30,300,1,22,5,286
152,2017-05-09 16:09:22.354065,,0,true,false,false,8,0,0,50,0,1,22,5,286
156,2017-05-09 16:09:28.457111,,0,false,false,false,10,0,0,70,0,1,22,5,286
147,2017-05-09 16:09:06.769689,,1,true,false,false,8,0,0,40,0,1,22,5,288
125,2017-05-09 16:08:07.657752,2017-05-09 16:08:07.657412,0,false,true,false,0,10,40,40,400,1,22,5,286
123,2017-05-09 16:08:05.075476,2017-05-09 16:08:07.657425,1,false,true,false,0,10,40,40,-400,1,22,5,288
126,2017-05-09 16:08:07.815602,2017-05-09 16:08:07.815108,1,false,true,false,0,3,50,50,-150,1,22,5,291
117,2017-05-09 16:07:52.808439,2017-05-09 16:08:07.815216,0,false,true,true,0,3,50,50,150,1,22,5,289
157,2017-05-09 16:09:31.588370,,1,false,false,false,8,0,0,45,0,1,22,5,288
122,2017-05-09 16:07:59.814462,,1,true,false,true,10,0,0,30,0,1,22,5,285
129,2017-05-09 16:08:11.101567,2017-05-09 16:08:11.101315,1,false,true,false,0,2,50,50,-100,1,22,5,285
127,2017-05-09 16:08:07.832158,2017-05-09 16:08:11.101176,0,false,true,true,0,2,50,50,100,1,22,5,289
161,2017-05-09 16:10:07.460071,,0,false,false,false,3,0,0,100,0,1,22,6,292
131,2017-05-09 16:08:16.458005,,0,true,false,false,5,0,0,80,0,1,22,5,286
136,2017-05-09 16:08:29.851356,2017-05-09 16:08:29.851077,1,false,true,false,0,5,60,60,-300,1,22,5,285
134,2017-05-09 16:08:21.796925,2017-05-09 16:08:29.851127,0,false,true,false,0,5,60,60,300,1,22,5,292
185,2017-05-09 16:12:27.802878,,1,true,false,true,3,0,0,50,0,1,22,7,291
137,2017-05-09 16:08:39.580026,2017-05-09 16:08:39.579758,1,false,true,false,0,3,80,80,-240,1,22,5,285
132,2017-05-09 16:08:19.334089,2017-05-09 16:08:39.579770,0,false,true,false,0,3,80,80,240,1,22,5,291
135,2017-05-09 16:08:28.239331,,0,true,false,false,4,0,0,90,0,1,22,5,286
140,2017-05-09 16:08:52.162063,2017-05-09 16:08:52.161728,1,false,true,false,0,5,50,70,-250,1,22,5,290
139,2017-05-09 16:08:47.626209,2017-05-09 16:08:52.161811,0,false,true,false,0,5,50,50,250,1,22,5,289
160,2017-05-09 16:10:06.696818,,0,true,false,false,5,0,0,100,0,1,22,6,285
130,2017-05-09 16:08:11.127616,,1,true,false,true,3,0,0,50,0,1,22,5,285
142,2017-05-09 16:08:57.712296,2017-05-09 16:08:57.711978,1,false,true,false,0,5,50,50,-250,1,22,5,285
141,2017-05-09 16:08:52.189668,2017-05-09 16:08:57.711901,0,false,true,true,0,5,50,50,250,1,22,5,289
174,2017-05-09 16:11:12.470044,,0,false,false,false,12,0,0,50,0,1,22,6,290
138,2017-05-09 16:08:44.471975,,0,true,false,false,5,0,0,80,0,1,22,5,286
146,2017-05-09 16:09:03.755906,,1,false,false,false,5,0,0,20,0,1,22,5,287
133,2017-05-09 16:08:21.780892,,1,true,false,false,8,0,0,30,0,1,22,5,288
158,2017-05-09 16:10:04.420337,,0,true,false,false,4,0,0,60,0,1,22,6,291
163,2017-05-09 16:10:19.879196,,0,true,false,false,5,0,0,60,0,1,22,6,286
166,2017-05-09 16:10:28.016711,,0,true,false,false,5,0,0,59,0,1,22,6,285
169,2017-05-09 16:10:33.994448,2017-05-09 16:10:33.994192,0,false,true,false,0,5,50,40,250,1,22,6,285
162,2017-05-09 16:10:07.557228,2017-05-09 16:10:33.994205,1,false,true,false,0,5,50,50,-250,1,22,6,288
167,2017-05-09 16:10:28.017740,,0,true,false,false,4,0,0,55,0,1,22,6,291
170,2017-05-09 16:10:35.692875,,0,true,false,false,4,0,0,50,0,1,22,6,291
171,2017-05-09 16:10:45.133705,2017-05-09 16:10:45.133419,0,false,true,false,0,4,30,30,120,1,22,6,291
165,2017-05-09 16:10:23.812104,2017-05-09 16:10:45.133431,1,false,true,false,0,4,30,30,-120,1,22,6,287
168,2017-05-09 16:10:33.537115,,0,true,false,false,6,0,0,70,0,1,22,6,286
172,2017-05-09 16:10:47.225536,,0,true,false,false,6,0,0,65,0,1,22,6,286
173,2017-05-09 16:10:57.595089,,0,false,false,false,6,0,0,80,0,1,22,6,286
191,2017-05-09 16:12:43.445192,2017-05-09 16:12:55.707712,0,false,true,false,0,5,55,55,275,1,22,7,289
183,2017-05-09 16:12:26.256804,2017-05-09 16:12:26.256486,1,false,true,false,0,10,60,70,-600,1,22,7,285
180,2017-05-09 16:12:22.117481,2017-05-09 16:12:26.256499,0,false,true,false,0,10,60,60,600,1,22,7,289
184,2017-05-09 16:12:27.778074,2017-05-09 16:12:27.777749,0,false,true,false,0,12,50,50,600,1,22,7,286
177,2017-05-09 16:12:15.274891,2017-05-09 16:12:27.777840,1,false,true,false,0,12,50,50,-600,1,22,7,291
199,2017-05-09 16:13:03.195727,2017-05-09 16:13:03.195436,0,false,true,false,0,5,50,40,250,1,22,7,291
188,2017-05-09 16:12:41.974182,2017-05-09 16:12:41.973856,1,false,true,false,0,4,60,60,-240,1,22,7,291
182,2017-05-09 16:12:22.216248,2017-05-09 16:12:41.973932,0,false,true,false,0,4,60,60,240,1,22,7,292
189,2017-05-09 16:12:42.000904,2017-05-09 16:12:42.021684,0,false,true,true,0,8,60,60,480,1,22,7,292
187,2017-05-09 16:12:39.079650,2017-05-09 16:12:42.021551,0,false,true,false,0,8,60,60,-480,1,22,7,286
176,2017-05-09 16:12:13.601954,,1,true,false,false,10,0,0,40,0,1,22,7,285
194,2017-05-09 16:12:55.708028,2017-05-09 16:12:55.707625,1,false,true,false,0,5,55,55,-275,1,22,7,285
192,2017-05-09 16:12:51.413917,2017-05-09 16:12:55.734136,0,false,true,false,0,5,55,55,-275,1,22,7,292
195,2017-05-09 16:12:55.723531,2017-05-09 16:12:55.734055,0,false,true,true,0,5,55,55,275,1,22,7,289
178,2017-05-09 16:12:17.797667,,1,true,false,false,10,0,0,40,0,1,22,7,288
197,2017-05-09 16:12:55.816994,2017-05-09 16:13:03.195511,1,false,true,false,0,5,50,50,-250,1,22,7,288
202,2017-05-09 16:13:11.642994,2017-05-09 16:13:11.642723,1,false,true,false,0,12,52,52,-624,1,22,7,288
196,2017-05-09 16:12:55.784594,,0,true,false,true,5,0,0,55,0,1,22,7,292
193,2017-05-09 16:12:54.626962,,0,true,false,false,8,0,0,65,0,1,22,7,286
198,2017-05-09 16:12:59.070127,2017-05-09 16:13:11.642734,0,false,true,false,0,12,52,52,624,1,22,7,290
190,2017-05-09 16:12:42.043780,,0,true,false,true,3,0,0,60,0,1,22,7,291
203,2017-05-09 16:13:16.284448,,0,true,false,false,2,0,0,60,0,1,22,7,291
200,2017-05-09 16:13:03.209020,,1,true,false,true,5,0,0,50,0,1,22,7,288
186,2017-05-09 16:12:29.319274,,1,true,false,false,10,0,0,30,0,1,22,7,287
201,2017-05-09 16:13:09.478340,,0,true,false,false,5,0,0,70,0,1,22,7,292
206,2017-05-09 16:13:20.736937,,0,false,false,false,10,0,0,60,0,1,22,7,289
207,2017-05-09 16:13:24.385755,,1,false,false,false,8,0,0,35,0,1,22,7,288
208,2017-05-09 16:13:29.110269,2017-05-09 16:13:29.109983,1,false,true,false,0,7,58,58,-406,1,22,7,287
204,2017-05-09 16:13:17.239100,2017-05-09 16:13:29.110016,0,false,true,false,0,7,58,58,406,1,22,7,286
205,2017-05-09 16:13:19.704002,,0,true,false,false,5,0,0,60,0,1,22,7,292
210,2017-05-09 16:13:42.115687,,0,false,false,false,3,0,0,52,0,1,22,7,290
212,2017-05-09 16:13:48.025020,,0,false,false,false,5,0,0,55,0,1,22,7,286
213,2017-05-09 16:13:49.810301,,0,false,false,false,3,0,0,51,0,1,22,7,291
214,2017-05-09 16:13:50.822576,,1,false,false,false,5,0,0,36,0,1,22,7,287
209,2017-05-09 16:13:29.801170,,0,true,false,false,5,0,0,55,0,1,22,7,292
215,2017-05-09 16:13:51.405040,,0,false,false,false,5,0,0,50,0,1,22,7,292
219,2017-05-09 16:14:27.787692,,0,true,false,false,7,0,0,55,0,1,22,8,285
217,2017-05-09 16:14:26.018780,,0,true,false,false,3,0,0,70,0,1,22,8,288
216,2017-05-09 16:14:22.987178,,0,true,false,false,5,0,0,60,0,1,22,8,292
220,2017-05-09 16:14:28.359953,,0,true,false,false,6,0,0,50,0,1,22,8,291
227,2017-05-09 16:14:49.861612,2017-05-09 16:14:49.861298,1,false,true,false,0,5,34,35,-170,1,22,8,287
226,2017-05-09 16:14:48.697721,2017-05-09 16:14:49.861373,0,false,true,false,0,5,34,34,170,1,22,8,291
270,2017-05-09 16:17:29.903624,2017-05-09 16:17:31.542217,0,false,true,false,0,2,50,50,-100,1,22,9,289
228,2017-05-09 16:14:49.875409,2017-05-09 16:14:49.886543,0,false,true,true,0,1,34,34,-34,1,22,8,291
221,2017-05-09 16:14:32.355450,,1,true,false,false,7,0,0,30,0,1,22,8,287
229,2017-05-09 16:14:58.483451,2017-05-09 16:14:58.482932,1,false,true,false,0,1,35,35,-35,1,22,8,287
225,2017-05-09 16:14:43.198097,2017-05-09 16:14:58.483049,0,false,true,false,0,1,35,35,35,1,22,8,292
224,2017-05-09 16:14:38.058434,,0,true,false,false,6,0,0,58,0,1,22,8,286
223,2017-05-09 16:14:37.303490,,0,true,false,false,3,0,0,50,0,1,22,8,288
230,2017-05-09 16:14:58.509980,,0,true,false,true,4,0,0,35,0,1,22,8,292
232,2017-05-09 16:14:59.590550,,0,true,false,false,3,0,0,40,0,1,22,8,288
222,2017-05-09 16:14:36.798653,,0,true,false,false,7,0,0,40,0,1,22,8,285
236,2017-05-09 16:15:14.479259,,0,false,false,false,7,0,0,25,0,1,22,8,285
231,2017-05-09 16:14:58.703493,,0,true,false,false,3,0,0,60,0,1,22,8,286
235,2017-05-09 16:15:10.175572,,0,true,false,false,3,0,0,35,0,1,22,8,288
234,2017-05-09 16:15:07.912887,,0,true,false,false,4,0,0,30,0,1,22,8,292
237,2017-05-09 16:15:18.317940,,0,true,false,false,7,0,0,60,0,1,22,8,286
240,2017-05-09 16:15:37.057530,,0,false,false,false,8,0,0,40,0,1,22,8,286
238,2017-05-09 16:15:25.362557,,0,true,false,false,3,0,0,24,0,1,22,8,288
239,2017-05-09 16:15:26.695117,,0,true,false,false,4,0,0,10,0,1,22,8,292
243,2017-05-09 16:15:44.847507,,0,false,false,false,4,0,0,1,0,1,22,8,292
242,2017-05-09 16:15:38.892052,,0,true,false,false,3,0,0,10,0,1,22,8,288
244,2017-05-09 16:15:48.987882,,0,false,false,false,3,0,0,4,0,1,22,8,288
245,2017-05-09 16:15:59.627203,,0,false,false,false,1,0,0,1,0,1,22,8,290
247,2017-05-09 16:16:29.744054,2017-05-09 16:16:29.743722,0,false,true,false,0,10,50,50,500,1,22,9,292
246,2017-05-09 16:16:29.528788,2017-05-09 16:16:29.743808,1,false,true,false,0,10,50,50,-500,1,22,9,291
252,2017-05-09 16:16:36.001208,,0,true,false,false,5,0,0,60,0,1,22,9,292
253,2017-05-09 16:16:43.345328,2017-05-09 16:16:43.345060,0,false,true,false,0,2,50,50,100,1,22,9,292
248,2017-05-09 16:16:29.774347,2017-05-09 16:16:43.344980,1,false,true,true,0,2,50,50,-100,1,22,9,291
250,2017-05-09 16:16:34.552447,,1,true,false,false,15,0,0,10,0,1,22,9,287
255,2017-05-09 16:16:47.040166,,1,false,false,false,15,0,0,20,0,1,22,9,287
284,2017-05-09 16:18:15.956682,2017-05-09 16:18:18.514472,1,false,true,true,0,2,60,60,-120,1,22,10,288
261,2017-05-09 16:17:06.749419,2017-05-09 16:17:06.748846,0,false,true,false,0,2,41,40,82,1,22,9,286
260,2017-05-09 16:16:58.701281,2017-05-09 16:17:06.748763,1,false,true,false,0,2,41,41,-82,1,22,9,291
262,2017-05-09 16:17:06.799113,2017-05-09 16:17:06.821361,0,false,true,true,0,5,40,40,200,1,22,9,286
249,2017-05-09 16:16:33.084419,2017-05-09 16:17:06.821439,1,false,true,false,0,5,40,40,-200,1,22,9,288
256,2017-05-09 16:16:48.038053,,0,true,false,false,5,0,0,50,0,1,22,9,286
263,2017-05-09 16:17:06.857769,2017-05-09 16:17:06.867686,1,false,true,true,0,15,40,40,600,1,22,9,288
257,2017-05-09 16:16:49.893983,,1,true,false,false,10,0,0,40,0,1,22,9,285
264,2017-05-09 16:17:13.261854,2017-05-09 16:17:13.261624,1,false,true,false,0,2,45,45,-90,1,22,9,285
259,2017-05-09 16:16:56.833205,2017-05-09 16:17:13.261543,0,false,true,false,0,2,45,45,90,1,22,9,292
275,2017-05-09 16:17:43.185543,,1,false,false,false,3,0,0,40,0,1,22,9,288
266,2017-05-09 16:17:16.344350,2017-05-09 16:17:16.343852,0,false,true,false,0,2,45,40,90,1,22,9,292
265,2017-05-09 16:17:13.275960,2017-05-09 16:17:16.344012,1,false,true,true,0,2,45,45,-90,1,22,9,285
276,2017-05-09 16:17:44.272736,,1,false,false,false,2,0,0,40,0,1,22,9,291
254,2017-05-09 16:16:43.357689,,0,true,false,true,1,0,0,50,0,1,22,9,292
269,2017-05-09 16:17:28.394384,,0,false,false,false,1,0,0,70,0,1,22,9,292
267,2017-05-09 16:17:16.361510,,1,true,false,true,6,0,0,45,0,1,22,9,285
271,2017-05-09 16:17:31.485197,2017-05-09 16:17:31.473585,1,false,true,false,0,6,50,50,-300,1,22,9,285
268,2017-05-09 16:17:22.340838,2017-05-09 16:17:31.473690,0,false,true,false,0,6,50,50,300,1,22,9,288
277,2017-05-09 16:17:48.853940,,0,false,false,false,5,0,0,50,0,1,22,9,289
272,2017-05-09 16:17:31.517670,2017-05-09 16:17:31.542134,0,false,true,true,0,2,50,50,100,1,22,9,288
274,2017-05-09 16:17:38.189809,,0,true,false,false,7,0,0,50,0,1,22,9,286
278,2017-05-09 16:17:50.178504,,0,false,false,false,4,0,0,50,0,1,22,9,286
280,2017-05-09 16:18:13.331230,2017-05-09 16:18:13.330866,0,false,true,false,0,22,30,20,660,1,22,10,290
279,2017-05-09 16:18:11.878976,2017-05-09 16:18:13.330879,1,false,true,false,0,22,30,30,-660,1,22,10,287
283,2017-05-09 16:18:15.932396,2017-05-09 16:18:15.932093,1,false,true,false,0,6,50,60,-300,1,22,10,288
282,2017-05-09 16:18:13.695318,2017-05-09 16:18:15.932013,0,false,true,false,0,6,50,50,300,1,22,10,292
281,2017-05-09 16:18:13.336371,2017-05-09 16:18:18.578324,1,false,true,false,0,2,40,40,80,1,22,10,291
286,2017-05-09 16:18:18.514805,2017-05-09 16:18:18.514550,0,false,true,false,0,2,60,40,120,1,22,10,289
287,2017-05-09 16:18:18.537321,2017-05-09 16:18:18.546849,0,false,true,true,0,8,50,40,400,1,22,10,289
285,2017-05-09 16:18:17.365677,2017-05-09 16:18:18.546927,1,false,true,false,0,8,50,50,-400,1,22,10,285
293,2017-05-09 16:18:32.811245,2017-05-09 16:18:33.889189,0,false,true,false,0,6,48,48,288,1,22,10,286
288,2017-05-09 16:18:18.568076,2017-05-09 16:18:18.578250,1,false,true,true,0,2,40,50,-80,1,22,10,285
289,2017-05-09 16:18:18.589372,,1,true,false,true,6,0,0,40,0,1,22,10,291
294,2017-05-09 16:18:33.889418,2017-05-09 16:18:33.889070,1,false,true,false,0,6,48,50,-288,1,22,10,291
296,2017-05-09 16:18:34.060730,,0,false,false,false,2,0,0,200,0,1,22,10,292
297,2017-05-09 16:18:36.491344,2017-05-09 16:18:36.491026,0,false,true,false,0,2,45,40,90,1,22,10,289
291,2017-05-09 16:18:30.690950,2017-05-09 16:18:36.490937,1,false,true,false,0,2,45,45,-90,1,22,10,285
302,2017-05-09 16:19:26.853132,,0,false,false,false,6,0,0,30,0,1,22,10,289
295,2017-05-09 16:18:33.933244,,0,true,false,true,4,0,0,48,0,1,22,10,286
300,2017-05-09 16:18:54.236342,,0,true,false,false,2,0,0,50,0,1,22,10,286
301,2017-05-09 16:19:22.701340,,0,false,false,false,1,0,0,42,0,1,22,10,286
298,2017-05-09 16:18:36.564819,,0,true,false,true,6,0,0,40,0,1,22,10,289
305,2017-05-09 16:19:51.929791,,1,true,false,false,15,0,0,10,0,1,22,11,287
306,2017-05-09 16:19:56.560907,,1,true,false,false,20,0,0,40,0,1,22,11,288
308,2017-05-09 16:20:02.125110,2017-05-09 16:20:02.124804,0,false,true,false,0,10,50,50,500,1,22,11,286
304,2017-05-09 16:19:51.164474,2017-05-09 16:20:02.124882,1,false,true,false,0,10,50,50,-500,1,22,11,291
357,2017-05-09 16:23:38.730411,,1,false,false,false,10,0,0,30,0,1,22,13,287
310,2017-05-09 16:20:03.830609,2017-05-09 16:20:03.830315,0,false,true,false,0,5,50,50,250,1,22,11,292
309,2017-05-09 16:20:02.192334,2017-05-09 16:20:03.830230,1,false,true,true,0,5,50,50,-250,1,22,11,291
313,2017-05-09 16:20:09.850423,2017-05-09 16:20:09.850151,1,false,true,false,0,10,50,50,-500,1,22,11,285
311,2017-05-09 16:20:03.856552,2017-05-09 16:20:09.850165,0,false,true,true,0,10,50,50,500,1,22,11,292
303,2017-05-09 16:19:50.486509,,0,true,false,false,15,0,0,70,0,1,22,11,292
317,2017-05-09 16:20:24.083980,2017-05-09 16:20:24.083606,1,false,true,false,0,5,48,48,-240,1,22,11,285
315,2017-05-09 16:20:13.038472,2017-05-09 16:20:24.083691,0,false,true,false,0,5,48,48,240,1,22,11,286
318,2017-05-09 16:20:24.109924,,0,true,false,true,5,0,0,48,0,1,22,11,286
316,2017-05-09 16:20:19.040046,,0,true,false,false,5,0,0,80,0,1,22,11,292
320,2017-05-09 16:20:29.061066,,0,false,false,false,1,0,0,60,0,1,22,11,292
321,2017-05-09 16:20:34.761520,,0,false,false,false,14,0,0,53,0,1,22,11,290
322,2017-05-09 16:20:37.690195,,1,false,false,false,15,0,0,20,0,1,22,11,287
319,2017-05-09 16:20:26.762527,,0,true,false,false,8,0,0,52,0,1,22,11,286
323,2017-05-09 16:20:37.824527,,0,false,false,false,6,0,0,55,0,1,22,11,286
324,2017-05-09 16:20:41.999332,2017-05-09 16:20:41.998984,1,false,true,false,0,10,50,50,-500,1,22,11,288
312,2017-05-09 16:20:03.904105,2017-05-09 16:20:41.998997,0,false,true,false,0,10,50,50,500,1,22,11,289
329,2017-05-09 16:21:07.168192,2017-05-09 16:21:07.167815,1,false,true,false,0,7,52,55,-364,1,22,12,288
328,2017-05-09 16:21:06.170987,2017-05-09 16:21:07.167914,0,false,true,false,0,7,52,52,364,1,22,12,290
332,2017-05-09 16:21:10.084755,2017-05-09 16:21:10.084425,0,false,true,false,0,1,41,40,41,1,22,12,289
326,2017-05-09 16:21:05.667392,2017-05-09 16:21:10.084345,1,false,true,false,0,1,41,41,-41,1,22,12,291
334,2017-05-09 16:21:11.582340,2017-05-09 16:21:11.581982,1,false,true,false,0,2,40,50,-80,1,22,12,285
333,2017-05-09 16:21:10.111765,2017-05-09 16:21:11.582066,0,false,true,true,0,2,40,40,80,1,22,12,289
335,2017-05-09 16:21:11.599071,2017-05-09 16:21:11.611537,0,false,true,true,0,4,40,40,-160,1,22,12,289
327,2017-05-09 16:21:05.836737,,0,true,false,false,1,0,0,60,0,1,22,12,292
331,2017-05-09 16:21:08.344483,,0,true,false,false,2,0,0,50,0,1,22,12,286
355,2017-05-09 16:23:35.080228,,0,true,false,false,15,0,0,60,0,1,22,13,292
340,2017-05-09 16:21:34.452481,2017-05-09 16:21:34.452175,0,false,true,false,0,1,35,35,35,1,22,12,292
325,2017-05-09 16:21:04.740737,2017-05-09 16:21:34.452256,1,false,true,false,0,1,35,35,-35,1,22,12,287
336,2017-05-09 16:21:22.515471,,0,true,false,false,1,0,0,54,0,1,22,12,292
342,2017-05-09 16:21:42.290369,,0,false,false,false,1,0,0,80,0,1,22,12,292
337,2017-05-09 16:21:26.830309,,0,true,false,false,2,0,0,44,0,1,22,12,286
345,2017-05-09 16:21:58.221008,2017-05-09 16:21:58.220541,0,false,true,false,0,4,35,35,140,1,22,12,285
341,2017-05-09 16:21:34.492400,2017-05-09 16:21:58.220675,1,false,true,true,0,4,35,35,-140,1,22,12,287
359,2017-05-09 16:23:43.844443,,0,true,false,false,10,0,0,55,0,1,22,13,286
347,2017-05-09 16:22:01.501590,2017-05-09 16:22:01.501269,0,false,true,false,0,1,35,30,35,1,22,12,289
346,2017-05-09 16:21:58.243893,2017-05-09 16:22:01.501345,1,false,true,true,0,1,35,35,-35,1,22,12,287
394,2017-05-09 16:38:35.828746,2017-05-09 16:38:35.828437,0,false,true,false,0,1,36,36,36,1,22,14,285
350,2017-05-09 16:22:18.476358,2017-05-09 16:22:18.475990,0,false,true,false,0,2,35,32,70,1,22,12,286
348,2017-05-09 16:22:01.550785,2017-05-09 16:22:18.476074,1,false,true,true,0,2,35,35,-70,1,22,12,287
365,2017-05-09 16:24:00.238303,2017-05-09 16:24:00.238009,0,false,true,false,0,10,45,45,450,1,22,13,292
351,2017-05-09 16:22:18.516482,,1,true,false,true,9,0,0,35,0,1,22,12,287
352,2017-05-09 16:22:28.896026,2017-05-09 16:22:28.895701,1,false,true,false,0,9,40,40,-360,1,22,12,287
349,2017-05-09 16:22:13.186525,2017-05-09 16:22:28.895781,0,false,true,false,0,9,40,40,360,1,22,12,290
362,2017-05-09 16:23:47.151328,2017-05-09 16:24:00.238021,1,false,true,false,0,10,45,45,-450,1,22,13,285
344,2017-05-09 16:21:52.481742,,0,true,false,false,2,0,0,42,0,1,22,12,286
354,2017-05-09 16:22:36.127340,,0,false,false,false,1,0,0,37,0,1,22,12,286
356,2017-05-09 16:23:37.779999,,1,true,false,false,12,0,0,40,0,1,22,13,291
364,2017-05-09 16:23:54.683831,,0,true,false,false,10,0,0,62,0,1,22,13,286
369,2017-05-09 16:24:09.242337,2017-05-09 16:24:09.242023,0,false,true,false,0,3,46,45,138,1,22,13,292
366,2017-05-09 16:24:02.383431,2017-05-09 16:24:09.242107,1,false,true,false,0,3,46,46,-138,1,22,13,291
370,2017-05-09 16:24:09.256499,,1,true,false,true,9,0,0,46,0,1,22,13,291
390,2017-05-09 16:38:29.605726,2017-05-09 16:38:35.828517,1,false,true,false,0,1,36,36,-36,1,22,14,288
371,2017-05-09 16:24:13.428470,2017-05-09 16:24:13.428143,1,false,true,false,0,10,47,47,-470,1,22,13,291
368,2017-05-09 16:24:08.786473,2017-05-09 16:24:13.428156,0,false,true,false,0,10,47,47,470,1,22,13,286
373,2017-05-09 16:24:17.909888,2017-05-09 16:24:17.909606,1,false,true,false,0,2,46,47,-92,1,22,13,285
372,2017-05-09 16:24:15.785618,2017-05-09 16:24:17.909523,0,false,true,false,0,2,46,46,92,1,22,13,292
381,2017-05-09 16:24:34.923847,2017-05-09 16:24:34.923479,1,false,true,false,0,3,45,48,-135,1,22,13,291
358,2017-05-09 16:23:40.403826,,1,true,false,false,20,0,0,35,0,1,22,13,288
376,2017-05-09 16:24:30.666263,2017-05-09 16:24:30.666020,1,false,true,false,0,10,48,50,-480,1,22,13,288
375,2017-05-09 16:24:22.588735,2017-05-09 16:24:30.666032,0,false,true,false,0,10,48,48,480,1,22,13,286
377,2017-05-09 16:24:33.622178,2017-05-09 16:24:33.621892,0,false,true,false,0,3,47,47,141,1,22,13,290
361,2017-05-09 16:23:44.922855,,0,true,false,false,10,0,0,55,0,1,22,13,289
374,2017-05-09 16:24:17.924929,2017-05-09 16:24:33.621799,1,false,true,true,0,3,47,47,-141,1,22,13,285
378,2017-05-09 16:24:33.645384,2017-05-09 16:24:34.923563,0,false,true,false,0,3,45,45,135,1,22,13,289
391,2017-05-09 16:38:29.901876,,0,true,false,false,1,0,0,60,0,1,22,14,292
382,2017-05-09 16:24:34.957543,2017-05-09 16:24:34.967791,0,false,true,true,0,2,45,45,-90,1,22,13,289
380,2017-05-09 16:24:34.019621,,0,true,false,false,10,0,0,52,0,1,22,13,286
383,2017-05-09 16:24:44.806462,,0,false,false,false,2,0,0,55,0,1,22,13,286
363,2017-05-09 16:23:47.879141,,0,true,false,false,15,0,0,50,0,1,22,13,292
384,2017-05-09 16:24:48.283205,,0,false,false,false,2,0,0,70,0,1,22,13,292
396,2017-05-09 16:38:37.681146,,0,false,false,false,1,0,0,55,0,1,22,14,292
406,2017-05-09 16:39:38.603166,2017-05-09 16:39:38.602915,1,false,true,false,0,10,50,50,-500,1,22,14,287
397,2017-05-09 16:38:42.422505,2017-05-09 16:38:42.421874,0,false,true,false,0,3,36,36,108,1,22,14,291
395,2017-05-09 16:38:35.885628,2017-05-09 16:38:42.421899,1,false,true,true,0,3,36,36,-108,1,22,14,288
393,2017-05-09 16:38:33.809936,,1,true,false,false,15,0,0,35,0,1,22,14,287
388,2017-05-09 16:38:26.425141,,0,true,false,false,4,0,0,45,0,1,22,14,291
400,2017-05-09 16:38:48.432531,2017-05-09 16:38:48.432045,0,false,true,false,0,1,37,37,37,1,22,14,291
398,2017-05-09 16:38:43.919292,2017-05-09 16:38:48.432159,1,false,true,false,0,1,37,37,-37,1,22,14,287
392,2017-05-09 16:38:31.596925,,0,true,false,false,10,0,0,55,0,1,22,14,286
402,2017-05-09 16:38:51.319166,,0,true,false,false,8,0,0,54,0,1,22,14,286
411,2017-05-09 16:39:40.583413,,0,false,false,false,4,0,0,52,0,1,22,14,286
401,2017-05-09 16:38:48.451144,,1,true,false,true,14,0,0,37,0,1,22,14,287
399,2017-05-09 16:38:46.822230,2017-05-09 16:39:38.602834,0,false,true,false,0,10,50,50,500,1,22,14,289
405,2017-05-09 16:39:26.246127,2017-05-09 16:39:38.645939,0,false,true,false,0,2,50,50,100,1,22,14,286
407,2017-05-09 16:39:38.616329,2017-05-09 16:39:38.646013,1,false,true,true,0,2,50,50,-100,1,22,14,287
409,2017-05-09 16:39:39.818875,2017-05-09 16:39:39.818597,0,false,true,false,0,2,50,45,100,1,22,14,290
408,2017-05-09 16:39:38.657221,2017-05-09 16:39:39.818519,1,false,true,true,0,2,50,50,-100,1,22,14,287
404,2017-05-09 16:39:07.176604,,0,true,false,false,2,0,0,55,0,1,22,14,286
412,2017-05-09 16:40:19.950917,,0,true,false,false,16,0,0,60,0,1,22,15,292
536,2017-05-09 16:47:52.904791,2017-05-09 16:47:52.904565,1,false,true,false,0,5,45,45,-225,1,22,19,291
413,2017-05-09 16:40:21.741760,,1,true,false,false,15,0,0,30,0,1,22,15,287
415,2017-05-09 16:40:24.227453,,1,true,false,false,15,0,0,45,0,1,22,15,291
423,2017-05-09 16:40:43.101975,2017-05-09 16:40:43.101556,0,false,true,false,0,10,48,35,480,1,22,15,292
422,2017-05-09 16:40:41.336740,2017-05-09 16:40:43.101568,1,false,true,false,0,10,48,48,-480,1,22,15,288
421,2017-05-09 16:40:35.839136,,1,true,false,false,15,0,0,47,0,1,22,15,291
419,2017-05-09 16:40:31.064472,,0,true,false,false,5,0,0,60,0,1,22,15,286
414,2017-05-09 16:40:23.189432,,1,true,false,false,15,0,0,35,0,1,22,15,288
464,2017-05-09 16:42:21.314256,2017-05-09 16:42:21.314026,0,false,true,false,0,1,50,50,50,1,22,16,289
428,2017-05-09 16:40:59.532146,2017-05-09 16:40:59.531839,0,false,true,false,0,5,49,49,245,1,22,15,292
424,2017-05-09 16:40:45.409797,2017-05-09 16:40:59.531918,1,false,true,false,0,5,49,49,-245,1,22,15,291
460,2017-05-09 16:42:15.476394,2017-05-09 16:42:21.313949,1,false,true,true,0,1,50,50,-50,1,22,16,285
430,2017-05-09 16:41:01.387400,2017-05-09 16:41:01.387133,1,false,true,false,0,10,55,55,-550,1,22,15,285
418,2017-05-09 16:40:31.005071,2017-05-09 16:41:01.387145,0,false,true,false,0,10,55,55,550,1,22,15,289
429,2017-05-09 16:40:59.612519,,1,true,false,true,10,0,0,49,0,1,22,15,291
432,2017-05-09 16:41:03.158731,2017-05-09 16:41:03.158504,1,false,true,false,0,8,52,55,-416,1,22,15,291
431,2017-05-09 16:41:01.508960,2017-05-09 16:41:03.158406,0,false,true,false,0,8,52,52,416,1,22,15,290
433,2017-05-09 16:41:03.171007,2017-05-09 16:41:03.180055,1,false,true,true,0,5,55,55,-275,1,22,15,291
425,2017-05-09 16:40:46.797884,2017-05-09 16:41:03.180130,0,false,true,false,0,5,55,55,275,1,22,15,286
465,2017-05-09 16:42:21.338722,2017-05-09 16:42:21.357216,0,false,true,true,0,9,50,50,450,1,22,16,289
434,2017-05-09 16:41:03.262133,,0,true,false,true,3,0,0,55,0,1,22,15,286
426,2017-05-09 16:40:52.396384,,0,true,false,false,5,0,0,55,0,1,22,15,292
435,2017-05-09 16:41:03.987751,,0,true,false,false,5,0,0,52,0,1,22,15,286
417,2017-05-09 16:40:30.007664,,1,true,false,false,10,0,0,46,0,1,22,15,285
439,2017-05-09 16:41:18.335295,2017-05-09 16:41:18.334985,0,false,true,false,0,4,52,52,208,1,22,15,290
438,2017-05-09 16:41:16.564505,2017-05-09 16:41:18.335065,1,false,true,false,0,4,52,52,-208,1,22,15,285
462,2017-05-09 16:42:16.409536,2017-05-09 16:42:21.357294,1,false,true,false,0,9,50,50,-450,1,22,16,288
427,2017-05-09 16:40:56.855483,,1,true,false,false,5,0,0,35,0,1,22,15,288
420,2017-05-09 16:40:32.201219,,1,true,false,false,15,0,0,36,0,1,22,15,287
436,2017-05-09 16:41:05.401588,,0,true,false,false,2,0,0,60,0,1,22,15,292
437,2017-05-09 16:41:16.208422,,0,true,false,false,5,0,0,60,0,1,22,15,286
446,2017-05-09 16:41:31.209084,,0,false,false,false,5,0,0,56,0,1,22,15,289
441,2017-05-09 16:41:20.195994,,1,true,false,false,5,0,0,37,0,1,22,15,288
448,2017-05-09 16:41:33.274201,2017-05-09 16:41:33.273322,0,false,true,false,0,1,52,52,52,1,22,15,291
440,2017-05-09 16:41:18.372915,2017-05-09 16:41:33.273334,1,false,true,true,0,1,52,52,-52,1,22,15,285
444,2017-05-09 16:41:28.386427,,0,true,false,false,2,0,0,58,0,1,22,15,292
449,2017-05-09 16:41:36.719691,,0,false,false,false,1,0,0,55,0,1,22,15,292
450,2017-05-09 16:41:38.956193,,0,false,false,false,2,0,0,55,0,1,22,15,290
443,2017-05-09 16:41:25.222862,,1,true,false,false,15,0,0,38,0,1,22,15,287
451,2017-05-09 16:41:39.081825,,1,false,false,false,15,0,0,40,0,1,22,15,287
442,2017-05-09 16:41:22.779378,,0,true,false,false,3,0,0,59,0,1,22,15,291
445,2017-05-09 16:41:29.733212,,0,true,false,false,7,0,0,58,0,1,22,15,286
453,2017-05-09 16:41:41.997067,,0,false,false,false,7,0,0,57,0,1,22,15,286
447,2017-05-09 16:41:32.024962,,1,true,false,false,5,0,0,39,0,1,22,15,288
454,2017-05-09 16:41:46.132365,,1,false,false,false,5,0,0,41,0,1,22,15,288
452,2017-05-09 16:41:39.722441,,0,true,false,false,2,0,0,55,0,1,22,15,291
455,2017-05-09 16:41:47.946347,,0,false,false,false,2,0,0,54,0,1,22,15,291
459,2017-05-09 16:42:15.463139,2017-05-09 16:42:15.462893,1,false,true,false,0,3,50,50,-150,1,22,16,285
456,2017-05-09 16:42:13.556243,2017-05-09 16:42:15.462813,0,false,true,false,0,3,50,50,150,1,22,16,292
481,2017-05-09 16:43:36.908758,,0,false,false,false,5,0,0,50,0,1,22,16,290
480,2017-05-09 16:43:34.746579,,0,true,false,true,3,0,0,55,0,1,22,16,286
461,2017-05-09 16:42:16.095798,,1,true,false,false,2,0,0,40,0,1,22,16,291
467,2017-05-09 16:42:24.150747,2017-05-09 16:42:24.150406,1,false,true,false,0,2,53,53,-106,1,22,16,291
458,2017-05-09 16:42:15.299846,2017-05-09 16:42:24.150483,0,false,true,false,0,2,53,53,106,1,22,16,290
463,2017-05-09 16:42:19.939791,,0,true,false,false,9,0,0,58,0,1,22,16,286
457,2017-05-09 16:42:13.882601,,1,true,false,false,15,0,0,35,0,1,22,16,287
469,2017-05-09 16:42:30.328818,,0,true,false,false,7,0,0,55,0,1,22,16,286
482,2017-05-09 16:43:37.650295,,0,true,false,false,5,0,0,57,0,1,22,16,286
483,2017-05-09 16:43:49.465979,,0,false,false,false,2,0,0,58,0,1,22,16,286
474,2017-05-09 16:43:13.948329,2017-05-09 16:43:13.948069,1,false,true,false,0,6,55,55,-330,1,22,16,287
473,2017-05-09 16:43:07.283055,2017-05-09 16:43:13.948081,0,false,true,false,0,6,55,55,330,1,22,16,286
477,2017-05-09 16:43:21.699549,2017-05-09 16:43:21.699287,1,false,true,false,0,10,50,55,-500,1,22,16,287
476,2017-05-09 16:43:20.163955,2017-05-09 16:43:21.699298,0,false,true,false,0,10,50,50,500,1,22,16,286
471,2017-05-09 16:42:47.949491,,0,true,false,false,7,0,0,58,0,1,22,16,286
470,2017-05-09 16:42:45.974756,,1,true,false,false,18,0,0,35,0,1,22,16,287
479,2017-05-09 16:43:34.734049,2017-05-09 16:43:34.733741,1,false,true,false,0,2,55,55,-110,1,22,16,287
478,2017-05-09 16:43:28.294001,2017-05-09 16:43:34.733815,0,false,true,false,0,2,55,55,110,1,22,16,286
490,2017-05-09 16:44:22.091798,,0,false,false,false,10,0,0,55,0,1,22,17,289
486,2017-05-09 16:44:16.801553,,1,true,false,false,15,0,0,35,0,1,22,17,288
492,2017-05-09 16:44:26.305247,2017-05-09 16:44:26.304950,0,false,true,false,0,10,50,50,500,1,22,17,292
487,2017-05-09 16:44:19.064838,2017-05-09 16:44:26.305028,1,false,true,false,0,10,50,50,-500,1,22,17,291
500,2017-05-09 16:44:41.869353,,1,true,false,false,15,0,0,40,0,1,22,17,287
484,2017-05-09 16:44:15.461541,,0,true,false,false,15,0,0,60,0,1,22,17,292
495,2017-05-09 16:44:32.003684,,1,false,false,false,10,0,0,50,0,1,22,17,285
491,2017-05-09 16:44:24.412809,,0,true,false,false,10,0,0,59,0,1,22,17,286
485,2017-05-09 16:44:16.205255,,1,true,false,false,15,0,0,35,0,1,22,17,287
494,2017-05-09 16:44:30.990906,,0,true,false,false,5,0,0,60,0,1,22,17,292
498,2017-05-09 16:44:34.113050,,1,true,false,false,15,0,0,36,0,1,22,17,287
497,2017-05-09 16:44:34.111551,,1,true,false,false,15,0,0,38,0,1,22,17,288
505,2017-05-09 16:44:54.793495,,0,false,false,false,2,0,0,60,0,1,22,17,292
502,2017-05-09 16:44:44.892241,2017-05-09 16:44:44.891960,0,false,true,false,0,5,50,50,250,1,22,17,292
493,2017-05-09 16:44:26.329891,2017-05-09 16:44:44.891971,1,false,true,true,0,5,50,50,-250,1,22,17,291
503,2017-05-09 16:44:52.357634,,1,false,false,false,15,0,0,41,0,1,22,17,287
501,2017-05-09 16:44:43.875809,,1,true,false,false,15,0,0,40,0,1,22,17,288
504,2017-05-09 16:44:54.084790,,1,false,false,false,10,0,0,51,0,1,22,17,288
499,2017-05-09 16:44:38.437496,,0,true,false,false,5,0,0,54,0,1,22,17,292
496,2017-05-09 16:44:33.189459,,0,true,false,false,15,0,0,58,0,1,22,17,286
506,2017-05-09 16:44:59.848669,,0,false,false,false,10,0,0,55,0,1,22,17,286
507,2017-05-09 16:45:02.367334,,0,false,false,false,9,0,0,52,0,1,22,17,290
511,2017-05-09 16:45:28.332883,,0,false,false,false,2,0,0,70,0,1,22,18,292
512,2017-05-09 16:45:28.412867,2017-05-09 16:45:28.412351,0,false,true,false,0,5,35,35,175,1,22,18,291
508,2017-05-09 16:45:25.780570,2017-05-09 16:45:28.412514,1,false,true,false,0,5,35,35,-175,1,22,18,287
510,2017-05-09 16:45:26.725203,2017-05-09 16:45:44.305969,0,false,true,false,0,9,51,51,459,1,22,18,286
514,2017-05-09 16:45:31.793535,,0,true,false,false,10,0,0,55,0,1,22,18,289
528,2017-05-09 16:46:40.137109,2017-05-09 16:46:59.244895,1,false,true,false,0,10,36,36,-360,1,22,18,288
517,2017-05-09 16:45:44.306256,2017-05-09 16:45:44.305887,1,false,true,false,0,9,51,51,-459,1,22,18,285
533,2017-05-09 16:47:48.657584,2017-05-09 16:47:52.904488,0,false,true,false,0,5,45,45,225,1,22,19,286
516,2017-05-09 16:45:32.964006,,1,true,false,false,10,0,0,15,0,1,22,18,288
518,2017-05-09 16:45:44.319593,,0,true,false,true,1,0,0,51,0,1,22,18,286
570,2017-05-09 16:49:10.948565,2017-05-09 16:49:10.960003,1,false,true,true,0,6,45,45,-270,1,22,19,288
564,2017-05-09 16:48:54.155084,2017-05-09 16:49:10.960076,0,false,true,false,0,6,45,45,270,1,22,19,289
520,2017-05-09 16:45:54.480128,,1,true,false,false,10,0,0,20,0,1,22,18,288
521,2017-05-09 16:45:57.597937,,0,true,false,false,4,0,0,50,0,1,22,18,286
513,2017-05-09 16:45:28.448506,,1,true,false,true,4,0,0,35,0,1,22,18,287
526,2017-05-09 16:46:37.045821,2017-05-09 16:46:37.045508,1,false,true,false,0,4,45,45,-180,1,22,18,287
523,2017-05-09 16:46:25.135771,2017-05-09 16:46:37.045603,0,false,true,false,0,4,45,45,180,1,22,18,289
524,2017-05-09 16:46:26.150979,,1,true,false,false,10,0,0,25,0,1,22,18,288
525,2017-05-09 16:46:32.051592,,0,true,false,false,1,0,0,48,0,1,22,18,286
529,2017-05-09 16:46:41.222677,,0,false,false,false,1,0,0,43,0,1,22,18,286
530,2017-05-09 16:46:47.343457,,0,false,false,false,10,0,0,41,0,1,22,18,290
532,2017-05-09 16:47:46.415738,,0,true,false,false,15,0,0,60,0,1,22,19,292
539,2017-05-09 16:47:58.546987,,0,true,false,false,5,0,0,55,0,1,22,19,286
543,2017-05-09 16:48:10.488277,,1,false,false,false,14,0,0,30,0,1,22,19,287
545,2017-05-09 16:48:15.166712,2017-05-09 16:48:15.166483,1,false,true,false,0,7,47,47,-329,1,22,19,285
544,2017-05-09 16:48:11.048671,2017-05-09 16:48:15.166402,0,false,true,false,0,7,47,47,329,1,22,19,290
584,2017-05-09 16:49:51.871916,,0,true,false,false,5,0,0,44,0,1,22,20,286
547,2017-05-09 16:48:17.713805,2017-05-09 16:48:17.713589,0,false,true,false,0,3,47,45,141,1,22,19,292
546,2017-05-09 16:48:15.192034,2017-05-09 16:48:17.713509,1,false,true,true,0,3,47,47,-141,1,22,19,285
571,2017-05-09 16:49:10.974135,2017-05-09 16:49:10.995699,0,false,true,true,0,4,45,45,-180,1,22,19,289
549,2017-05-09 16:48:17.843603,2017-05-09 16:48:17.853492,0,false,true,true,0,7,46,45,322,1,22,19,292
548,2017-05-09 16:48:17.820724,2017-05-09 16:48:17.853599,1,false,true,false,0,7,46,46,-322,1,22,19,291
537,2017-05-09 16:47:52.918155,,1,true,false,true,10,0,0,45,0,1,22,19,291
572,2017-05-09 16:49:11.551394,,1,false,false,false,2,0,0,43,0,1,22,19,291
551,2017-05-09 16:48:19.830920,2017-05-09 16:48:19.830665,0,false,true,false,0,3,46,46,138,1,22,19,286
550,2017-05-09 16:48:17.864357,2017-05-09 16:48:19.830589,1,false,true,true,0,3,46,46,-138,1,22,19,291
554,2017-05-09 16:48:26.623375,2017-05-09 16:48:26.623140,1,false,true,false,0,4,46,46,-184,1,22,19,285
552,2017-05-09 16:48:19.856435,2017-05-09 16:48:26.623152,0,false,true,true,0,4,46,46,184,1,22,19,286
555,2017-05-09 16:48:35.196265,2017-05-09 16:48:35.195849,0,false,true,false,0,2,38,38,76,1,22,19,292
534,2017-05-09 16:47:48.825081,2017-05-09 16:48:35.196033,1,false,true,false,0,2,38,38,-76,1,22,19,288
542,2017-05-09 16:48:08.005008,,0,true,false,false,5,0,0,49,0,1,22,19,286
556,2017-05-09 16:48:35.208133,,1,true,false,true,13,0,0,38,0,1,22,19,288
559,2017-05-09 16:48:46.638792,2017-05-09 16:48:46.638459,0,false,true,false,0,2,40,40,80,1,22,19,292
558,2017-05-09 16:48:39.592653,2017-05-09 16:48:46.638569,1,false,true,false,0,2,40,40,-80,1,22,19,288
538,2017-05-09 16:47:53.399716,,1,true,false,false,10,0,0,45,0,1,22,19,285
561,2017-05-09 16:48:52.172365,2017-05-09 16:48:52.172073,1,false,true,false,0,2,47,47,-94,1,22,19,285
557,2017-05-09 16:48:36.448776,2017-05-09 16:48:52.172147,0,false,true,false,0,2,47,47,94,1,22,19,286
573,2017-05-09 16:49:33.308205,,1,true,false,false,20,0,0,8,0,1,22,20,287
562,2017-05-09 16:48:52.193016,,0,true,false,true,3,0,0,47,0,1,22,19,286
560,2017-05-09 16:48:46.663498,,1,true,false,true,13,0,0,40,0,1,22,19,288
541,2017-05-09 16:47:58.826462,,0,true,false,false,10,0,0,50,0,1,22,19,292
566,2017-05-09 16:48:58.767700,,0,false,false,false,2,0,0,50,0,1,22,19,292
563,2017-05-09 16:48:53.613617,,0,true,false,false,5,0,0,46,0,1,22,19,286
568,2017-05-09 16:49:09.256510,,0,false,false,false,5,0,0,45,0,1,22,19,286
565,2017-05-09 16:48:57.065600,,1,true,false,false,13,0,0,42,0,1,22,19,288
569,2017-05-09 16:49:10.923602,2017-05-09 16:49:10.923377,1,false,true,false,0,4,44,45,-176,1,22,19,288
567,2017-05-09 16:48:59.375059,2017-05-09 16:49:10.923301,0,false,true,false,0,4,44,44,176,1,22,19,290
589,2017-05-09 16:50:05.582511,,1,true,false,true,4,0,0,20,0,1,22,20,287
574,2017-05-09 16:49:34.658552,,0,true,false,false,7,0,0,45,0,1,22,20,291
580,2017-05-09 16:49:46.470184,2017-05-09 16:49:46.469948,0,false,true,false,0,3,30,30,90,1,22,20,291
591,2017-05-09 16:50:19.530633,2017-05-09 16:50:19.530295,1,false,true,false,0,4,20,21,-80,1,22,20,287
582,2017-05-09 16:49:47.679319,,0,false,false,false,2,0,0,55,0,1,22,20,292
575,2017-05-09 16:49:34.994635,,0,true,false,false,9,0,0,35,0,1,22,20,285
576,2017-05-09 16:49:36.446877,,0,true,false,false,10,0,0,50,0,1,22,20,286
581,2017-05-09 16:49:46.502098,,0,true,false,true,4,0,0,30,0,1,22,20,291
577,2017-05-09 16:49:41.338174,,0,true,false,false,10,0,0,40,0,1,22,20,288
585,2017-05-09 16:49:54.702204,,0,true,false,false,4,0,0,29,0,1,22,20,291
583,2017-05-09 16:49:49.516404,,0,true,false,false,9,0,0,30,0,1,22,20,285
587,2017-05-09 16:50:05.543161,2017-05-09 16:50:05.542872,0,false,true,false,0,4,20,20,80,1,22,20,291
579,2017-05-09 16:49:45.582201,2017-05-09 16:50:05.542949,1,false,true,false,0,4,20,20,-80,1,22,20,287
588,2017-05-09 16:50:05.579482,2017-05-09 16:50:19.530371,0,false,true,false,0,4,20,20,80,1,22,20,285
586,2017-05-09 16:50:04.022249,,0,true,false,false,8,0,0,25,0,1,22,20,288
593,2017-05-09 16:50:22.745715,,0,true,false,false,8,0,0,20,0,1,22,20,288
594,2017-05-09 16:50:32.099808,,0,false,false,false,8,0,0,15,0,1,22,20,288
592,2017-05-09 16:50:19.541963,,0,true,false,true,5,0,0,20,0,1,22,20,285
595,2017-05-09 16:50:39.543911,,0,false,false,false,5,0,0,5,0,1,22,20,285
590,2017-05-09 16:50:16.934057,,0,true,false,false,8,0,0,46,0,1,22,20,286
596,2017-05-09 16:50:48.739606,,0,false,false,false,5,0,0,18,0,1,22,20,286
609,2017-05-09 16:51:36.069343,,0,false,false,false,1,0,0,55,0,1,22,21,292
604,2017-05-09 16:51:22.292079,2017-05-09 16:51:22.291839,0,false,true,false,0,15,45,45,675,1,22,21,292
602,2017-05-09 16:51:15.393875,2017-05-09 16:51:22.291851,1,false,true,false,0,15,45,45,-675,1,22,21,285
599,2017-05-09 16:51:12.739825,,1,true,false,false,15,0,0,40,0,1,22,21,291
613,2017-05-09 16:51:43.570095,2017-05-09 16:51:43.569768,0,false,true,false,0,10,48,48,480,1,22,21,286
606,2017-05-09 16:51:32.203295,2017-05-09 16:51:32.202990,0,false,true,false,0,10,46,46,460,1,22,21,286
605,2017-05-09 16:51:22.457120,2017-05-09 16:51:32.203079,1,false,true,false,0,10,46,46,-460,1,22,21,291
607,2017-05-09 16:51:32.227826,,1,true,false,true,5,0,0,46,0,1,22,21,291
598,2017-05-09 16:51:09.744837,,0,true,false,false,15,0,0,55,0,1,22,21,292
615,2017-05-09 16:51:55.129199,,0,true,false,false,10,0,0,52,0,1,22,21,286
611,2017-05-09 16:51:39.797862,2017-05-09 16:51:39.797592,0,false,true,false,0,10,50,50,500,1,22,21,289
608,2017-05-09 16:51:32.672118,2017-05-09 16:51:39.797604,1,false,true,false,0,10,50,50,-500,1,22,21,291
610,2017-05-09 16:51:36.784736,2017-05-09 16:51:43.569780,1,false,true,false,0,10,48,48,-480,1,22,21,288
614,2017-05-09 16:51:51.008437,,0,false,false,false,5,0,0,48,0,1,22,21,291
600,2017-05-09 16:51:13.547485,,0,true,false,false,10,0,0,50,0,1,22,21,286
616,2017-05-09 16:51:56.224804,2017-05-09 16:51:56.224454,0,false,true,false,0,1,20,20,20,1,22,21,289
597,2017-05-09 16:51:09.527111,2017-05-09 16:51:56.224571,1,false,true,false,0,1,20,20,-20,1,22,21,287
601,2017-05-09 16:51:14.210409,,1,true,false,false,20,0,0,40,0,1,22,21,288
617,2017-05-09 16:51:56.236907,,1,false,false,true,14,0,0,20,0,1,22,21,287
619,2017-05-09 16:52:04.986990,2017-05-09 16:52:04.986663,0,false,true,false,0,2,40,20,80,1,22,21,289
618,2017-05-09 16:51:58.477692,2017-05-09 16:52:04.986741,1,false,true,false,0,2,40,40,-80,1,22,21,288
688,2017-05-09 16:56:18.700443,2017-05-09 16:56:21.731590,1,false,true,true,0,5,30,30,-150,1,22,24,287
620,2017-05-09 16:52:05.000082,2017-05-09 16:52:05.009643,1,false,true,true,0,3,40,40,120,1,22,21,288
621,2017-05-09 16:52:16.539967,,0,false,false,false,5,0,0,47,0,1,22,21,286
622,2017-05-09 16:52:19.260169,,0,false,false,false,5,0,0,47,0,1,22,21,290
626,2017-05-09 16:52:48.762105,,0,false,false,false,1,0,0,55,0,1,22,22,292
624,2017-05-09 16:52:45.992784,,0,true,false,false,5,0,0,45,0,1,22,22,291
623,2017-05-09 16:52:45.315592,,1,true,false,false,14,0,0,30,0,1,22,22,287
631,2017-05-09 16:53:07.349229,2017-05-09 16:53:07.348929,0,false,true,false,0,1,36,35,36,1,22,22,289
630,2017-05-09 16:53:00.361667,2017-05-09 16:53:07.349005,1,false,true,false,0,1,36,36,-36,1,22,22,287
660,2017-05-09 16:54:57.567665,,1,true,false,false,5,0,0,10,0,1,22,23,285
632,2017-05-09 16:53:07.361610,2017-05-09 16:53:07.371274,1,false,true,true,0,13,36,36,468,1,22,22,287
629,2017-05-09 16:52:56.398069,,0,true,false,false,5,0,0,40,0,1,22,22,291
627,2017-05-09 16:52:50.882556,,0,true,false,false,10,0,0,50,0,1,22,22,286
633,2017-05-09 16:53:07.569504,,0,true,false,false,5,0,0,44,0,1,22,22,291
636,2017-05-09 16:53:19.901359,2017-05-09 16:53:19.901089,0,false,true,false,0,5,35,35,175,1,22,22,291
628,2017-05-09 16:52:55.070464,2017-05-09 16:53:19.901102,1,false,true,false,0,5,35,35,-175,1,22,22,288
634,2017-05-09 16:53:12.711979,,0,true,false,false,10,0,0,48,0,1,22,22,286
639,2017-05-09 16:53:27.458120,,0,false,false,false,5,0,0,38,0,1,22,22,288
638,2017-05-09 16:53:26.171753,,0,true,false,false,5,0,0,47,0,1,22,22,286
637,2017-05-09 16:53:25.942005,,0,true,false,false,1,0,0,39,0,1,22,22,287
640,2017-05-09 16:53:32.092521,,0,true,false,false,10,0,0,48,0,1,22,22,286
642,2017-05-09 16:53:44.599486,,0,false,false,false,5,0,0,42,0,1,22,22,286
643,2017-05-09 16:53:49.659087,,0,false,false,false,15,0,0,35,0,1,22,22,290
641,2017-05-09 16:53:36.975203,,0,true,false,false,1,0,0,37,0,1,22,22,287
644,2017-05-09 16:53:57.505989,,0,false,false,false,1,0,0,20,0,1,22,22,287
645,2017-05-09 16:54:22.837923,,1,false,false,false,15,0,0,30,0,1,22,23,287
649,2017-05-09 16:54:26.062059,2017-05-09 16:54:26.061758,0,false,true,false,0,10,45,37,450,1,22,23,286
647,2017-05-09 16:54:24.992893,2017-05-09 16:54:26.061835,1,false,true,false,0,10,45,45,-450,1,22,23,291
669,2017-05-09 16:55:14.811152,2017-05-09 16:55:14.810882,1,false,true,false,0,3,38,40,-114,1,22,23,285
668,2017-05-09 16:55:13.570585,2017-05-09 16:55:14.810808,0,false,true,true,0,3,38,38,114,1,22,23,289
652,2017-05-09 16:54:33.181984,2017-05-09 16:54:33.181742,0,false,true,false,0,5,45,45,225,1,22,23,292
650,2017-05-09 16:54:26.074728,2017-05-09 16:54:33.181753,1,false,true,true,0,5,45,45,-225,1,22,23,291
654,2017-05-09 16:54:33.747374,2017-05-09 16:54:33.747115,1,false,true,false,0,10,45,46,-450,1,22,23,285
653,2017-05-09 16:54:33.223268,2017-05-09 16:54:33.747127,0,false,true,false,0,10,45,45,450,1,22,23,289
656,2017-05-09 16:54:39.603245,2017-05-09 16:54:39.602593,0,false,true,false,0,5,38,38,190,1,22,23,292
651,2017-05-09 16:54:27.038156,2017-05-09 16:54:39.602670,1,false,true,false,0,5,38,38,-190,1,22,23,288
655,2017-05-09 16:54:37.203439,,0,true,false,false,10,0,0,45,0,1,22,23,286
646,2017-05-09 16:54:23.656755,,0,true,false,false,15,0,0,55,0,1,22,23,292
661,2017-05-09 16:54:58.041749,2017-05-09 16:54:58.041390,0,false,true,false,0,5,38,38,190,1,22,23,289
657,2017-05-09 16:54:39.644131,2017-05-09 16:54:58.041468,1,false,true,true,0,5,38,38,-190,1,22,23,288
658,2017-05-09 16:54:48.597107,,0,true,false,false,10,0,0,47,0,1,22,23,286
665,2017-05-09 16:55:10.987470,2017-05-09 16:55:10.987129,0,false,true,false,0,3,38,38,114,1,22,23,292
662,2017-05-09 16:54:58.068387,2017-05-09 16:55:10.987248,1,false,true,true,0,3,38,38,-114,1,22,23,288
659,2017-05-09 16:54:50.831382,,0,true,false,false,5,0,0,40,0,1,22,23,292
667,2017-05-09 16:55:13.558429,2017-05-09 16:55:13.558165,0,false,true,false,0,2,38,38,76,1,22,23,289
666,2017-05-09 16:55:11.012778,2017-05-09 16:55:13.558086,1,false,true,true,0,2,38,38,-76,1,22,23,288
672,2017-05-09 16:55:19.179674,2017-05-09 16:55:19.179430,0,false,true,false,0,2,40,40,80,1,22,23,292
670,2017-05-09 16:55:14.835018,2017-05-09 16:55:19.179442,1,false,true,true,0,2,40,40,-80,1,22,23,285
664,2017-05-09 16:55:05.900597,,0,true,false,false,5,0,0,46,0,1,22,23,286
673,2017-05-09 16:55:21.438739,,0,false,false,false,10,0,0,42,0,1,22,23,286
674,2017-05-09 16:55:34.729049,,0,false,false,false,10,0,0,40,0,1,22,23,290
677,2017-05-09 16:56:00.642511,,0,true,false,false,2,0,0,45,0,1,22,24,288
681,2017-05-09 16:56:08.862673,2017-05-09 16:56:08.862448,1,false,true,false,0,2,39,39,-78,1,22,24,287
678,2017-05-09 16:56:01.370856,2017-05-09 16:56:08.862369,0,false,true,false,0,2,39,39,78,1,22,24,291
682,2017-05-09 16:56:08.886467,2017-05-09 16:56:08.909194,1,false,true,true,0,3,39,39,-117,1,22,24,287
679,2017-05-09 16:56:01.909989,2017-05-09 16:56:08.909207,0,false,true,false,0,3,39,39,117,1,22,24,286
680,2017-05-09 16:56:02.645788,,0,true,false,false,3,0,0,40,0,1,22,24,285
685,2017-05-09 16:56:12.208712,,0,false,false,false,1,0,0,55,0,1,22,24,292
675,2017-05-09 16:55:58.903341,,1,true,false,false,13,0,0,30,0,1,22,24,287
687,2017-05-09 16:56:18.686592,2017-05-09 16:56:18.686283,1,false,true,false,0,3,30,30,-90,1,22,24,287
684,2017-05-09 16:56:10.721082,2017-05-09 16:56:18.686206,0,false,true,false,0,3,30,30,90,1,22,24,285
689,2017-05-09 16:56:21.731943,2017-05-09 16:56:21.731666,0,false,true,false,0,5,30,29,150,1,22,24,290
686,2017-05-09 16:56:15.799030,,0,true,false,false,5,0,0,42,0,1,22,24,286
691,2017-05-09 16:56:26.876633,,0,true,false,false,2,0,0,40,0,1,22,24,288
692,2017-05-09 16:56:35.656240,,0,true,false,false,5,0,0,44,0,1,22,24,286
694,2017-05-09 16:56:50.206011,,0,true,false,false,2,0,0,36,0,1,22,24,288
697,2017-05-09 16:57:05.313332,,0,false,false,false,8,0,0,35,0,1,22,24,290
695,2017-05-09 16:56:52.344947,,0,true,false,false,5,0,0,36,0,1,22,24,286
698,2017-05-09 16:57:11.944508,,0,false,false,false,5,0,0,37,0,1,22,24,286
696,2017-05-09 16:57:03.834949,,0,true,false,false,2,0,0,35,0,1,22,24,288
699,2017-05-09 16:57:12.382350,,0,false,false,false,2,0,0,33,0,1,22,24,288
709,2017-05-09 16:59:08.536966,2017-05-09 16:59:08.536734,0,false,true,false,0,5,45,45,225,1,22,25,292
707,2017-05-09 16:59:04.427344,2017-05-09 16:59:04.427051,0,false,true,false,0,10,45,45,450,1,22,25,292
704,2017-05-09 16:58:58.322261,2017-05-09 16:59:04.427127,1,false,true,false,0,10,45,45,-450,1,22,25,291
700,2017-05-09 16:58:54.248497,,0,true,false,false,15,0,0,55,0,1,22,25,292
708,2017-05-09 16:59:04.439648,2017-05-09 16:59:08.536745,1,false,true,true,0,5,45,45,-225,1,22,25,291
710,2017-05-09 16:59:10.419891,,0,false,false,false,10,0,0,45,0,1,22,25,289
703,2017-05-09 16:58:55.949762,,0,true,false,false,10,0,0,50,0,1,22,25,286
701,2017-05-09 16:58:54.508175,,1,true,false,false,15,0,0,30,0,1,22,25,287
714,2017-05-09 16:59:31.911517,2017-05-09 16:59:31.899879,0,false,true,false,0,10,42,42,420,1,22,25,286
705,2017-05-09 16:58:58.699757,2017-05-09 16:59:31.899996,1,false,true,false,0,10,42,42,-420,1,22,25,285
717,2017-05-09 16:59:39.098254,,0,true,false,false,10,0,0,44,0,1,22,25,286
712,2017-05-09 16:59:20.318365,,0,true,false,false,10,0,0,47,0,1,22,25,286
706,2017-05-09 16:59:01.439491,,1,true,false,false,15,0,0,30,0,1,22,25,288
718,2017-05-09 16:59:43.997812,,1,false,false,false,10,0,0,36,0,1,22,25,288
716,2017-05-09 16:59:35.321320,,0,true,false,false,8,0,0,44,0,1,22,25,290
719,2017-05-09 16:59:47.048488,2017-05-09 16:59:47.048189,0,false,true,false,0,5,42,42,210,1,22,25,290
715,2017-05-09 16:59:31.928894,2017-05-09 16:59:47.048103,1,false,true,true,0,5,42,42,-210,1,22,25,285
713,2017-05-09 16:59:21.861995,,1,true,false,false,15,0,0,31,0,1,22,25,287
720,2017-05-09 16:59:47.065063,,0,true,false,true,3,0,0,42,0,1,22,25,290
722,2017-05-09 16:59:59.303048,,0,false,false,false,5,0,0,43,0,1,22,25,290
723,2017-05-09 17:00:02.223729,,1,false,false,false,15,0,0,37,0,1,22,25,287
721,2017-05-09 16:59:55.134680,,0,true,false,false,5,0,0,42,0,1,22,25,286
724,2017-05-09 17:00:07.123428,,0,false,false,false,5,0,0,43,0,1,22,25,286
727,2017-05-09 17:00:30.145074,2017-05-09 17:00:30.144849,0,false,true,false,0,2,35,30,70,1,22,26,291
726,2017-05-09 17:00:29.624524,2017-05-09 17:00:30.144773,1,false,true,false,0,2,35,35,-70,1,22,26,292
771,2017-05-09 17:02:52.233143,,0,false,false,false,5,0,0,45,0,1,22,27,292
732,2017-05-09 17:00:36.733927,2017-05-09 17:00:36.733701,0,false,true,false,0,3,15,15,45,1,22,26,285
731,2017-05-09 17:00:33.787428,2017-05-09 17:00:36.733624,1,false,true,false,0,3,15,15,-45,1,22,26,288
768,2017-05-09 17:02:47.181147,,1,true,false,false,2,0,0,36,0,1,22,27,291
772,2017-05-09 17:02:55.763787,,1,false,false,false,2,0,0,38,0,1,22,27,291
734,2017-05-09 17:00:41.503994,2017-05-09 17:00:41.503757,0,false,true,false,0,3,5,5,15,1,22,26,291
725,2017-05-09 17:00:29.560344,2017-05-09 17:00:41.503768,1,false,true,false,0,3,5,5,-15,1,22,26,287
730,2017-05-09 17:00:31.635555,,0,true,false,false,10,0,0,45,0,1,22,26,286
761,2017-05-09 17:02:30.318678,,1,true,false,false,10,0,0,35,0,1,22,27,288
738,2017-05-09 17:00:50.239171,2017-05-09 17:00:50.238933,0,false,true,false,0,2,25,25,50,1,22,26,291
736,2017-05-09 17:00:46.458985,2017-05-09 17:00:50.238944,1,false,true,false,0,2,25,25,-50,1,22,26,292
728,2017-05-09 17:00:30.157571,,0,true,false,true,10,0,0,30,0,1,22,26,291
729,2017-05-09 17:00:31.105835,,1,true,false,false,2,0,0,2,0,1,22,26,290
737,2017-05-09 17:00:50.083088,,0,true,false,false,5,0,0,42,0,1,22,26,286
739,2017-05-09 17:00:50.710190,,0,true,false,false,8,0,0,20,0,1,22,26,285
745,2017-05-09 17:01:15.132843,,0,false,false,false,4,0,0,30,0,1,22,26,289
773,2017-05-09 17:02:57.342705,,1,false,false,false,2,0,0,40,0,1,22,27,288
746,2017-05-09 17:01:22.421683,2017-05-09 17:01:22.421439,0,false,true,false,0,2,6,6,12,1,22,26,291
742,2017-05-09 17:01:10.028625,2017-05-09 17:01:22.421451,1,false,true,false,0,2,6,6,-12,1,22,26,290
744,2017-05-09 17:01:14.642722,,0,true,false,false,8,0,0,10,0,1,22,26,285
747,2017-05-09 17:01:27.850436,2017-05-09 17:01:27.850210,0,false,true,false,0,1,5,1,5,1,22,26,285
740,2017-05-09 17:00:59.961118,2017-05-09 17:01:27.850132,1,false,true,false,0,1,5,5,-5,1,22,26,292
769,2017-05-09 17:02:50.053687,,0,true,false,false,5,0,0,44,0,1,22,27,286
741,2017-05-09 17:01:03.203159,,0,true,false,false,5,0,0,15,0,1,22,26,291
750,2017-05-09 17:01:39.659644,2017-05-09 17:01:39.659263,1,false,true,false,0,1,1,7,-1,1,22,26,292
748,2017-05-09 17:01:27.876523,2017-05-09 17:01:39.659344,0,false,true,true,0,1,1,1,1,1,22,26,285
774,2017-05-09 17:02:59.349952,,0,false,false,false,5,0,0,42,0,1,22,27,286
751,2017-05-09 17:01:39.723548,2017-05-09 17:01:39.740080,0,false,true,true,0,6,1,1,-6,1,22,26,285
743,2017-05-09 17:01:11.424631,,0,true,false,false,5,0,0,35,0,1,22,26,286
752,2017-05-09 17:01:43.545821,,0,false,false,false,1,0,0,10,0,1,22,26,286
749,2017-05-09 17:01:29.481813,,0,true,false,false,1,0,0,5,0,1,22,26,291
753,2017-05-09 17:01:44.573732,,0,false,false,false,3,0,0,1,0,1,22,26,291
756,2017-05-09 17:02:23.697057,,1,false,false,false,15,0,0,30,0,1,22,27,287
758,2017-05-09 17:02:25.836098,2017-05-09 17:02:25.835788,0,false,true,false,0,10,45,45,450,1,22,27,286
757,2017-05-09 17:02:24.234079,2017-05-09 17:02:25.835870,1,false,true,false,0,10,45,45,-450,1,22,27,291
762,2017-05-09 17:02:31.755883,2017-05-09 17:02:31.755646,0,false,true,false,0,2,45,45,90,1,22,27,292
759,2017-05-09 17:02:25.860116,2017-05-09 17:02:31.755657,1,false,true,true,0,2,45,45,-90,1,22,27,291
765,2017-05-09 17:02:37.964888,2017-05-09 17:02:37.964589,0,false,true,false,0,10,39,39,390,1,22,27,292
760,2017-05-09 17:02:29.001256,2017-05-09 17:02:37.964601,1,false,true,false,0,10,39,39,-390,1,22,27,285
778,2017-05-09 17:03:26.401253,2017-05-09 17:03:26.400938,0,false,true,false,0,1,30,30,30,1,22,28,292
755,2017-05-09 17:02:22.721969,,0,true,false,false,8,0,0,57,0,1,22,27,290
767,2017-05-09 17:02:45.099264,,0,false,false,false,5,0,0,44,0,1,22,27,290
764,2017-05-09 17:02:37.131737,,0,true,false,false,10,0,0,47,0,1,22,27,286
770,2017-05-09 17:02:51.933842,,1,false,false,false,5,0,0,37,0,1,22,27,285
754,2017-05-09 17:02:22.568969,,0,true,false,false,15,0,0,55,0,1,22,27,292
775,2017-05-09 17:03:22.824861,2017-05-09 17:03:26.401018,1,false,true,false,0,1,30,30,-30,1,22,28,287
787,2017-05-09 17:03:38.880712,,0,true,false,false,4,0,0,38,0,1,22,28,290
794,2017-05-09 17:03:53.199078,2017-05-09 17:03:53.198852,0,false,true,false,0,3,35,35,105,1,22,28,290
781,2017-05-09 17:03:30.070597,2017-05-09 17:03:30.070290,1,false,true,false,0,8,38,38,-304,1,22,28,287
776,2017-05-09 17:03:23.089340,2017-05-09 17:03:30.070303,0,false,true,false,0,8,38,38,304,1,22,28,290
782,2017-05-09 17:03:31.568623,2017-05-09 17:03:31.568290,0,false,true,false,0,10,35,35,350,1,22,28,289
780,2017-05-09 17:03:26.515397,2017-05-09 17:03:31.568364,1,false,true,false,0,10,35,35,-350,1,22,28,288
783,2017-05-09 17:03:31.599119,2017-05-09 17:03:53.198774,1,false,true,true,0,3,35,35,-105,1,22,28,288
785,2017-05-09 17:03:37.424621,2017-05-09 17:03:37.424082,0,false,true,false,0,3,38,37,114,1,22,28,286
784,2017-05-09 17:03:33.095710,2017-05-09 17:03:37.424005,1,false,true,false,0,3,38,38,-114,1,22,28,285
779,2017-05-09 17:03:26.423752,,1,true,false,true,11,0,0,30,0,1,22,28,287
808,2017-05-09 17:04:52.369440,2017-05-09 17:04:52.369145,0,false,true,false,0,2,40,40,80,1,22,29,292
791,2017-05-09 17:03:46.681921,2017-05-09 17:03:46.681562,1,false,true,false,0,2,37,37,-74,1,22,28,287
786,2017-05-09 17:03:37.447809,2017-05-09 17:03:46.681574,0,false,true,true,0,2,37,37,74,1,22,28,286
788,2017-05-09 17:03:39.042820,,0,true,false,false,1,0,0,40,0,1,22,28,292
792,2017-05-09 17:03:50.329005,,0,false,false,false,1,0,0,37,0,1,22,28,292
777,2017-05-09 17:03:24.085650,,0,true,false,false,10,0,0,42,0,1,22,28,286
806,2017-05-09 17:04:46.300461,2017-05-09 17:04:46.300133,0,false,true,false,0,5,40,40,200,1,22,29,292
790,2017-05-09 17:03:42.468534,,1,true,false,false,3,0,0,36,0,1,22,28,287
797,2017-05-09 17:03:58.320212,2017-05-09 17:03:58.319977,1,false,true,false,0,1,35,35,-35,1,22,28,287
795,2017-05-09 17:03:53.225024,2017-05-09 17:03:58.319988,0,false,true,true,0,1,35,35,35,1,22,28,290
793,2017-05-09 17:03:50.674993,,0,true,false,false,5,0,0,36,0,1,22,28,286
798,2017-05-09 17:04:09.575985,,0,false,false,false,5,0,0,42,0,1,22,28,286
802,2017-05-09 17:04:43.317038,2017-05-09 17:04:46.300212,1,false,true,false,0,5,40,40,-200,1,22,29,291
799,2017-05-09 17:04:40.527694,,0,true,false,false,7,0,0,47,0,1,22,29,290
807,2017-05-09 17:04:46.363422,2017-05-09 17:04:52.369221,1,false,true,true,0,2,40,40,-80,1,22,29,291
805,2017-05-09 17:04:45.375852,2017-05-09 17:05:03.885831,1,false,true,false,0,9,37,37,-333,1,22,29,285
804,2017-05-09 17:04:43.940732,,0,true,false,false,5,0,0,45,0,1,22,29,286
812,2017-05-09 17:05:03.863063,2017-05-09 17:05:03.862781,0,false,true,false,0,1,40,37,40,1,22,29,289
809,2017-05-09 17:04:52.394400,2017-05-09 17:05:03.862703,1,false,true,true,0,1,40,40,-40,1,22,29,291
813,2017-05-09 17:05:03.875753,2017-05-09 17:05:03.885754,0,false,true,true,0,9,37,37,333,1,22,29,289
800,2017-05-09 17:04:41.180074,,0,true,false,false,10,0,0,50,0,1,22,29,292
811,2017-05-09 17:04:59.665322,,0,true,false,false,4,0,0,44,0,1,22,29,286
801,2017-05-09 17:04:41.788773,,1,true,false,false,15,0,0,30,0,1,22,29,287
818,2017-05-09 17:05:15.589773,2017-05-09 17:05:15.589471,0,false,true,false,0,1,39,37,39,1,22,29,289
817,2017-05-09 17:05:13.663735,2017-05-09 17:05:15.589550,1,false,true,false,0,1,39,39,-39,1,22,29,285
810,2017-05-09 17:04:57.300077,,0,true,false,false,7,0,0,44,0,1,22,29,290
815,2017-05-09 17:05:04.636353,,0,true,false,false,3,0,0,43,0,1,22,29,292
814,2017-05-09 17:05:03.911216,,1,true,false,true,1,0,0,37,0,1,22,29,285
803,2017-05-09 17:04:43.688388,,1,true,false,false,10,0,0,35,0,1,22,29,288
816,2017-05-09 17:05:10.972499,,0,true,false,false,5,0,0,42,0,1,22,29,286
823,2017-05-09 17:05:26.192097,2017-05-09 17:05:26.191793,0,false,true,false,0,5,39,39,195,1,22,29,286
819,2017-05-09 17:05:15.626638,2017-05-09 17:05:26.191878,1,false,true,true,0,5,39,39,-195,1,22,29,285
865,2017-05-09 17:07:15.615822,,0,true,false,false,3,0,0,25,0,1,22,30,290
825,2017-05-09 17:05:29.248386,2017-05-09 17:05:29.247993,0,false,true,false,0,2,39,39,78,1,22,29,292
824,2017-05-09 17:05:26.217682,2017-05-09 17:05:29.248068,1,false,true,true,0,2,39,39,-78,1,22,29,285
859,2017-05-09 17:06:58.670195,,1,true,false,false,1,0,0,10,0,1,22,30,292
827,2017-05-09 17:05:34.650442,2017-05-09 17:05:34.650190,0,false,true,false,0,2,39,38,78,1,22,29,286
826,2017-05-09 17:05:29.266992,2017-05-09 17:05:34.650115,1,false,true,true,0,2,39,39,-78,1,22,29,285
868,2017-05-09 17:07:29.054027,2017-05-09 17:07:29.053725,1,false,true,false,0,1,15,20,-15,1,22,30,292
828,2017-05-09 17:05:34.676745,2017-05-09 17:05:34.698914,0,false,true,true,0,3,38,38,114,1,22,29,286
822,2017-05-09 17:05:18.832199,2017-05-09 17:05:34.698988,1,false,true,false,0,3,38,38,-114,1,22,29,288
867,2017-05-09 17:07:22.689409,2017-05-09 17:07:29.053803,0,false,true,false,0,1,15,15,15,1,22,30,290
821,2017-05-09 17:05:18.765591,,0,true,false,false,2,0,0,40,0,1,22,29,292
820,2017-05-09 17:05:17.744732,,0,true,false,false,7,0,0,40,0,1,22,29,290
833,2017-05-09 17:05:41.925292,2017-05-09 17:05:41.924968,0,false,true,false,0,2,38,38,76,1,22,29,292
829,2017-05-09 17:05:34.734196,2017-05-09 17:05:41.925054,1,false,true,true,0,2,38,38,-76,1,22,29,288
835,2017-05-09 17:05:44.924848,2017-05-09 17:05:44.924587,0,false,true,false,0,5,38,38,190,1,22,29,286
834,2017-05-09 17:05:41.937216,2017-05-09 17:05:44.924511,1,false,true,true,0,5,38,38,-190,1,22,29,288
837,2017-05-09 17:05:45.879215,2017-05-09 17:05:45.878987,1,false,true,false,0,1,38,39,-38,1,22,29,288
836,2017-05-09 17:05:44.936947,2017-05-09 17:05:45.878908,0,false,true,true,0,1,38,38,38,1,22,29,286
869,2017-05-09 17:07:29.067796,2017-05-09 17:07:29.108663,0,false,true,true,0,2,15,15,-30,1,22,30,290
838,2017-05-09 17:05:45.896496,2017-05-09 17:05:45.906104,1,false,true,true,0,1,39,39,-39,1,22,29,288
831,2017-05-09 17:05:35.889566,2017-05-09 17:05:45.906022,0,false,true,false,0,1,39,39,39,1,22,29,289
861,2017-05-09 17:07:04.796233,,0,true,false,false,3,0,0,29,0,1,22,30,287
870,2017-05-09 17:07:39.101459,,0,false,false,false,3,0,0,19,0,1,22,30,287
840,2017-05-09 17:05:50.774022,2017-05-09 17:05:50.773672,0,false,true,false,0,1,39,39,39,1,22,29,292
858,2017-05-09 17:06:58.018873,,0,true,false,false,6,0,0,30,0,1,22,30,288
843,2017-05-09 17:06:00.561136,2017-05-09 17:06:00.560802,0,false,true,false,0,1,35,35,35,1,22,29,292
842,2017-05-09 17:05:54.750982,2017-05-09 17:06:00.560886,1,false,true,false,0,1,35,35,-35,1,22,29,285
871,2017-05-09 17:07:40.094125,,0,false,false,false,6,0,0,15,0,1,22,30,288
845,2017-05-09 17:06:01.971692,2017-05-09 17:06:01.971420,1,false,true,false,0,6,38,38,-228,1,22,29,287
841,2017-05-09 17:05:53.489009,2017-05-09 17:06:01.971433,0,false,true,false,0,6,38,38,228,1,22,29,286
846,2017-05-09 17:06:03.605261,,0,false,false,false,3,0,0,45,0,1,22,29,288
832,2017-05-09 17:05:37.363589,,0,true,false,false,4,0,0,48,0,1,22,29,290
849,2017-05-09 17:06:14.995977,2017-05-09 17:06:14.995660,1,false,true,false,0,5,37,37,-185,1,22,29,287
848,2017-05-09 17:06:08.199732,2017-05-09 17:06:14.995734,0,false,true,false,0,5,37,37,185,1,22,29,290
866,2017-05-09 17:07:17.272503,,0,true,false,false,5,0,0,38,0,1,22,30,286
851,2017-05-09 17:06:23.118339,,1,false,false,false,2,0,0,30,0,1,22,29,287
852,2017-05-09 17:06:29.300468,,1,false,false,false,1,0,0,31,0,1,22,29,291
847,2017-05-09 17:06:07.714769,,0,true,false,false,5,0,0,42,0,1,22,29,286
853,2017-05-09 17:06:29.856298,,0,false,false,false,5,0,0,38,0,1,22,29,286
830,2017-05-09 17:05:35.840163,,0,true,false,false,2,0,0,39,0,1,22,29,292
854,2017-05-09 17:06:30.845504,,0,false,false,false,2,0,0,45,0,1,22,29,292
850,2017-05-09 17:06:15.072344,,0,true,false,true,2,0,0,37,0,1,22,29,290
855,2017-05-09 17:06:31.103483,,0,false,false,false,5,0,0,40,0,1,22,29,290
857,2017-05-09 17:06:57.242017,,0,true,false,false,3,0,0,40,0,1,22,30,287
863,2017-05-09 17:07:09.267465,2017-05-09 17:07:09.267135,1,false,true,false,0,1,20,20,-20,1,22,30,292
862,2017-05-09 17:07:09.249896,2017-05-09 17:07:09.267236,0,false,true,false,0,1,20,20,20,1,22,30,285
864,2017-05-09 17:07:09.279881,,0,false,false,true,11,0,0,20,0,1,22,30,285
856,2017-05-09 17:06:56.567406,,0,true,false,false,3,0,0,35,0,1,22,30,290
860,2017-05-09 17:07:00.122666,,0,true,false,false,5,0,0,40,0,1,22,30,286
872,2017-05-09 17:07:40.928898,,0,false,false,false,4,0,0,19,0,1,22,30,286
